-- ------------------------
-- Populate people table
-- ------------------------
INSERT INTO people(id, name_actor, birthday, gender)
VALUES
      (1252016, 'Moon Ga-young', DATE('1996-07-10'), 1),
      (1604826, 'Cha Eun-woo', DATE('1997-03-30'), 2),
      (2175208, 'Park You-na', DATE('1997-12-23'), 1),
      (1872629, 'Park Ho-san', DATE('1972-10-18'), 2),
      (1571598, 'Ahn Hyo-Seop', DATE('1995-04-17'), 2),
      (1834241, 'Kim Se-jeong', DATE('1996-08-28'), 1),
      (1565088, 'Kim Min-gue', DATE('1994-12-25'), 2),
      (1067849, 'Kim Go-eun', DATE('1991-07-02'), 1),
      (1557181, 'Wi Ha-jun', DATE('1991-08-05'), 2),
      (1293088, 'Uhm Ki-joon', DATE('1976-03-23'), 2),
      (1878952, 'Song Kang', DATE('1994-04-23'), 2),
      (1223316, 'Cho Jung-seok', DATE('1980-12-26'), 2),
      (1257661, 'Lee El', DATE('1982-08-26'), 1),
      (1299479, 'Lee Jin-wook', DATE('1981-09-16'), 2),
      (1385609, 'Kwak Dong-yeon', DATE('1997-03-19'), 2),
      (1330423, 'Kim Dae-myung', DATE('1980-12-16'), 2);

-- ------------------------
-- Populate genres table
-- ------------------------
INSERT INTO genres(id, name_genre)
VALUES
      (18, 'Drama'),
      (35, 'Comedy'),
      (9648, 'Mystery'),
      (10765, 'Sci-Fi & Fantasy'),
      (10759, 'Action & Adventure'),
      (80, 'Crime'),
      (10751, 'Family'),
      (10768, 'War & Politics'),
      (10766, 'Soap'),
      (36, 'History');

-- ------------------------
-- Populate all_series table
-- ------------------------
INSERT INTO all_series(id, name_series, airing_date)
VALUES
      (112888, 'True Beauty', DATE('2020-12-09')),
      (154825, 'Business Proposal', DATE('2022-02-28')),
      (134675, 'Little Women', DATE('2022-09-03')),
      (67915, 'Goblin', DATE('2016-12-02')),
      (96648, 'Sweet Home', DATE('2020-12-18')),
      (99489, 'The Penthouse', DATE('2020-10-26')),
      (96102, 'Hospital Playlist', DATE('2020-03-12')),
      (80737, 'My ID is Gangnam Beauty', DATE('2018-07-27'));

-- ------------------------
-- Populate rating_date table
-- ------------------------
INSERT INTO rating_date(id, series_id, average_rating, date_rating)
VALUES
      (1, 112888, 8.54, DATE('2022-11-05')),
      (2, 154825, 8.443, DATE('2022-11-05')),
      (3, 134675, 8.8, DATE('2022-11-05')),
      (4, 67915, 8.716, DATE('2022-11-05')),
      (5, 96648, 8.512, DATE('2022-11-05')),
      (6, 99489, 8.645, DATE('2022-11-05')),
      (7, 96102, 8.361, DATE('2022-11-05')),
      (8, 80737, 7.456, DATE('2022-11-05'));

-- ------------------------
-- Populate genre_series table
-- ------------------------
INSERT INTO genre_series(id, series_id, genre_id)
VALUES
      (1, 112888, 35),
      (2, 112888, 18),
      (3, 154825, 35),
      (4, 154825, 18),
      (5, 134675, 18),
      (6, 134675, 9648),
      (7, 134675, 10759),
      (8, 67915, 18),
      (9, 67915, 10765),
      (10, 96648, 18),
      (11, 96648, 10765),
      (12, 99489, 18),
      (13, 99489, 9648),
      (14, 96102, 18),
      (15, 96102, 35),
      (16, 80737, 18),
      (17, 80737, 35);

-- ------------------------
-- Populate cast_series table
-- ------------------------
INSERT INTO cast_series(id, series_id, actor_id)
VALUES
      (1, 112888, 1252016),
      (2, 112888, 1604826),
      (3, 112888, 2175208),
      (4, 112888, 1872629),
      (5, 154825, 1571598),
      (6, 154825, 1834241),
      (7, 154825, 1565088),
      (8, 134675, 1067849),
      (9, 134675, 1557181),
      (10, 134675, 1293088),
      (11, 67915, 1067849),
      (12, 67915, 1257661),
      (13, 96648, 1878952),
      (14, 96648, 1299479),
      (15, 99489, 1872629),
      (16, 99489, 1293088),
      (17, 99489, 1604826),
      (18, 96102, 1223316),
      (19, 96102, 1330423),
      (20, 96102, 1257661),
      (21, 80737, 1604826),
      (22, 80737, 1385609),
      (23, 80737, 2175208);